url;title;description;keywords
/catalog/uglovye-shkafy/s-zerkalom/;Угловой шкаф с зеркалом купить от производителя в Москве недорого;В нашем интернет-магазине Вы можете заказать изготовление и купить угловой шкаф с зеркалом от производителя по недорогим ценам с доставкой в Москве и области.;-
/catalog/uglovye-shkafy/v-spalnyu/;Угловой шкаф в спальню купить от производителя в Москве недорого;В нашем интернет-магазине Вы можете заказать изготовление и купить угловой шкаф в спальню от производителя по недорогим ценам с доставкой в Москве и области.;-
/privacy-policy/;Соглашение о конфиденциальности;Просмотреть соглашение о конфиденциальности.;соглашение о конфиденциальности
/catalog/prikhozhie/shkaf-s-raspashnymi-dveryami/;Шкафы в прихожую с распашными дверями от производителя купить в Москве недорого;В нашем интернет-магазине Вы можете заказать изготовление и купить шкафы в прихожую с распашными дверями от производителя по недорогим ценам с доставкой в Москве и области.;-
/;Шкафы-купе по индивидуальному размеру на заказ в Москве по низким ценам с доставкой;В нашей мебельной фабрике АртКупе Вы можете купить шкаф-купе по индивидуальным размерам под заказ в Москве с доставкой. Только индивидуальные проекты и дизайны! Скидки при заказе с сайта! Гарантия качества. Звоните: +7 (495) 777-65-85.;-
/catalog/raspashnye-shkafy/v-prihozhuyu/;Шкафы в прихожую с распашными дверями на заказ в Москве по низким ценам с доставкой;В нашем интернет-магазине Вы можете заказать изготовление и купить шкафы в прихожую с распашными дверями от производителя по недорогим ценам с доставкой в Москве и области.;-
/catalog/razdvizhnye-shkafy/;Раздвижные шкафы от производителя купить в Москве недорого;В нашем интернет-магазине Вы можете заказать изготовление и купить раздвижные шкафы от производителя по недорогим ценам с доставкой в Москве и области.;-
/catalog/shkaf-kupe-v-prihozhuyu/;Шкафы-купе в прихожую на заказ в Москве по низким ценам с доставкой;В нашем интернет-магазине Вы можете заказать изготовление и купить шкафы купе в прихожую от производителя по недорогим ценам с доставкой в Москве и области.;-
/catalog/shkafy-iz-mdf/;Шкафы купе из МДФ купить на заказ в Москве недорого от производителя с доставкой;Купить шкафы купе из МДФ на заказ в Москве от производителя АртКупе по доступным ценам с доставкой. Только индивидуальные проекты и дизайны! Скидки при заказе с сайта! Гарантия качества. Звоните: +7 (495) 777-65-85.;-
/catalog/shkafy-kupe-iz-massiva/;Шкафы купе из массива от производителя купить в Москве недорого;В нашем интернет-магазине Вы можете заказать изготовление и купить шкафы купе из массива от производителя по недорогим ценам с доставкой в Москве и области.;-
/catalog/shkafy-v-gostinuyu/;Шкафы купе в гостиную на заказ в Москве недорого от производителя с доставкой;Купить шкафы купе в гостиную на заказ в Москве от производителя АртКупе по доступным ценам с доставкой. Только индивидуальные проекты и дизайны! Скидки при заказе с сайта! Гарантия качества. Звоните: +7 (495) 777-65-85.;-
/catalog/shkafy-v-spalnyu/;Шкафы купе в спальню на заказ в Москве недорого от производителя с доставкой;Купить шкафы купе в спальню на заказ в Москве от производителя АртКупе по доступным ценам с доставкой. Только индивидуальные проекты и дизайны! Скидки при заказе с сайта! Гарантия качества. Звоните: +7 (495) 777-65-85.;-
/catalog/uglovye-shkafy/;Купить угловой шкаф купе в Москве недорого от производителя с доставкой;Купить встраиваемые угловые шкафы на заказ в Москве от производителя АртКупе по недорогим ценам с доставкой. Только индивидуальные проекты и дизайны! Скидки при заказе с сайта! Гарантия качества. Звоните: +7 (495) 777-65-85.;-
/catalog/vstroennye-shkafy/;Встроенные шкафы купе на заказ недорого в Москве от производителя с доставкой;Купить встроенные шкафы на заказ в Москве от производителя АртКупе по недорогим ценам с доставкой. Только индивидуальные проекты и дизайны! Скидки при заказе с сайта! Гарантия качества. Звоните: +7 (495) 777-65-85.;-
/catalog/vstroennye-shkafy/v-prihozhuyu/;Встроенные шкафы-купе в прихожую на заказ в Москве по низким ценам с доставкой;В нашем интернет-магазине Вы можете заказать изготовление и купить встроенные шкафы купе в прихожую от производителя по недорогим ценам с доставкой в Москве и области.;-
/catalog/vstroennye-shkafy/v-spalnyu/;Встроенные шкафы-купе в спальню на заказ в Москве по низким ценам с доставкой;В нашем интернет-магазине Вы можете заказать изготовление и купить встроенные шкафы купе в спальню от производителя по недорогим ценам с доставкой в Москве и области.;-
/sales/uglovye-sale/;Распродажа угловых шкафов купить в Москве недорого от производителя с доставкой;Купить угловой шкаф по распродаже на заказ в Москве от производителя АртКупе по доступным ценам с доставкой. Только индивидуальные проекты и дизайны! Скидки при заказе с сайта! Гарантия качества. Звоните: +7 (495) 777-65-85.;-
